Time Counter,Target Liquid Percent,Liquid Percent,Foam Percent,Filled Percent,Initial Liquid Percent,Cup Existence,Transparency Status,Initial Pour Status,Robot Running Status,Observe Status,Goal Difference,Moving Stage,Offset,Pouring Angle,Rotating Angle,Predicted Volume,Pouring Time,File Name,Kp,Ki,Kd,Liquid Density,Initial Angle
0,0.0,13.2,0.0,13.5,0.0,True,True,False,False,False,0.0,0.0,0.0,0.0,0.0,0.0,0.0,2023-08-20 19-28-47,0.16,0,0.02,1,-55
0.1,0.0,12.5,0.0,12.7,0.0,True,True,False,False,False,0.0,0.0,0.0,0.0,0.0,0.0,0.0,2023-08-20 19-28-47,0.16,0,0.02,1,-55
0.2,0.0,12.4,0.0,12.4,0.0,True,True,False,False,False,0.0,0.0,0.0,0.0,0.0,0.0,0.0,2023-08-20 19-28-47,0.16,0,0.02,1,-55
0.30000000000000004,0.0,13.2,0.0,13.3,0.0,True,True,False,False,False,0.0,0.0,0.0,0.0,0.0,0.0,0.0,2023-08-20 19-28-47,0.16,0,0.02,1,-55
0.4,0.0,13.6,0.0,13.7,0.0,True,True,False,False,False,0.0,0.0,0.0,0.0,0.0,0.0,0.0,2023-08-20 19-28-47,0.16,0,0.02,1,-55
0.5,0.0,12.3,0.0,12.3,0.0,True,True,False,False,False,0.0,0.0,0.0,0.0,0.0,0.0,0.0,2023-08-20 19-28-47,0.16,0,0.02,1,-55
0.6,0.0,12.3,0.0,12.2,0.0,True,True,False,False,False,0.0,0.0,0.0,0.0,0.0,0.0,0.0,2023-08-20 19-28-47,0.16,0,0.02,1,-55
0.7,0.0,12.5,0.0,12.6,0.0,True,True,False,False,False,0.0,0.0,0.0,0.0,0.0,0.0,0.0,2023-08-20 19-28-47,0.16,0,0.02,1,-55
0.7999999999999999,0.0,12.4,0.0,12.5,0.0,True,True,False,False,False,0.0,0.0,0.0,0.0,0.0,0.0,0.0,2023-08-20 19-28-47,0.16,0,0.02,1,-55
0.8999999999999999,0.0,12.4,0.0,12.5,0.0,True,True,False,False,False,0.0,0.0,0.0,0.0,0.0,0.0,0.0,2023-08-20 19-28-47,0.16,0,0.02,1,-55
0.9999999999999999,0.0,11.8,0.0,11.9,0.0,True,True,False,False,False,0.0,0.0,0.0,0.0,0.0,0.0,0.0,2023-08-20 19-28-47,0.16,0,0.02,1,-55
1.0999999999999999,0.0,12.3,0.0,12.4,0.0,True,True,False,False,False,0.0,0.0,0.0,0.0,0.0,0.0,0.0,2023-08-20 19-28-47,0.16,0,0.02,1,-55
1.2,0.0,13.2,0.0,13.2,0.0,True,True,False,False,False,0.0,0.0,0.0,0.0,0.0,0.0,0.0,2023-08-20 19-28-47,0.16,0,0.02,1,-55
1.3,0.0,12.5,0.0,12.6,0.0,True,True,False,False,False,0.0,0.0,0.0,0.0,0.0,0.0,0.0,2023-08-20 19-28-47,0.16,0,0.02,1,-55
1.4000000000000001,0.0,12.3,0.0,12.3,0.0,True,True,False,False,False,0.0,0.0,0.0,0.0,0.0,0.0,0.0,2023-08-20 19-28-47,0.16,0,0.02,1,-55
1.5000000000000002,0.0,12.7,0.0,12.7,0.0,True,True,False,False,False,0.0,0.0,0.0,0.0,0.0,0.0,0.0,2023-08-20 19-28-47,0.16,0,0.02,1,-55
1.6000000000000003,0.0,12.7,0.0,12.7,0.0,True,True,False,False,False,0.0,0.0,0.0,0.0,0.0,0.0,0.0,2023-08-20 19-28-47,0.16,0,0.02,1,-55
1.7000000000000004,0.0,12.8,0.0,13.0,0.0,True,True,False,False,False,0.0,0.0,0.0,0.0,0.0,0.0,0.0,2023-08-20 19-28-47,0.16,0,0.02,1,-55
1.8000000000000005,0.0,12.9,0.0,12.9,0.0,True,True,False,False,False,0.0,0.0,0.0,0.0,0.0,0.0,0.0,2023-08-20 19-28-47,0.16,0,0.02,1,-55
1.9000000000000006,0.0,12.7,0.0,12.8,0.0,True,True,False,False,False,0.0,0.0,0.0,0.0,0.0,0.0,0.0,2023-08-20 19-28-47,0.16,0,0.02,1,-55
2.0000000000000004,0.0,12.7,0.0,12.9,0.0,True,True,False,False,False,0.0,0.0,0.0,0.0,0.0,0.0,0.0,2023-08-20 19-28-47,0.16,0,0.02,1,-55
2.1000000000000005,0.0,12.5,0.0,12.6,0.0,True,True,False,False,False,0.0,0.0,0.0,0.0,0.0,0.0,0.0,2023-08-20 19-28-47,0.16,0,0.02,1,-55
2.2000000000000006,0.0,12.8,0.0,12.9,0.0,True,True,False,False,False,0.0,0.0,0.0,0.0,0.0,0.0,0.0,2023-08-20 19-28-47,0.16,0,0.02,1,-55
2.3000000000000007,0.0,12.7,0.0,12.7,0.0,True,True,False,False,False,0.0,0.0,0.0,0.0,0.0,0.0,0.0,2023-08-20 19-28-47,0.16,0,0.02,1,-55
2.400000000000001,0.0,12.8,0.0,12.7,0.0,True,True,False,False,False,0.0,0.0,0.0,0.0,0.0,0.0,0.0,2023-08-20 19-28-47,0.16,0,0.02,1,-55
2.500000000000001,0.0,12.5,0.0,12.6,0.0,True,True,False,False,False,0.0,0.0,0.0,0.0,0.0,0.0,0.0,2023-08-20 19-28-47,0.16,0,0.02,1,-55
2.600000000000001,0.0,13.0,0.0,13.2,0.0,True,True,False,False,False,0.0,0.0,0.0,0.0,0.0,0.0,0.0,2023-08-20 19-28-47,0.16,0,0.02,1,-55
2.700000000000001,0.0,12.5,0.0,12.5,0.0,True,True,False,False,False,0.0,0.0,0.0,0.0,0.0,0.0,0.0,2023-08-20 19-28-47,0.16,0,0.02,1,-55
2.800000000000001,0.0,11.5,0.0,11.6,0.0,True,True,False,False,False,0.0,0.0,0.0,0.0,0.0,0.0,0.0,2023-08-20 19-28-47,0.16,0,0.02,1,-55
2.9000000000000012,0.0,12.5,0.0,12.6,0.0,True,True,False,False,False,0.0,0.0,0.0,0.0,0.0,0.0,0.0,2023-08-20 19-28-47,0.16,0,0.02,1,-55
3.0000000000000013,0.0,12.3,0.0,12.5,0.0,True,True,False,False,False,0.0,0.0,0.0,0.0,0.0,0.0,0.0,2023-08-20 19-28-47,0.16,0,0.02,1,-55
3.1000000000000014,0.0,12.2,0.0,12.2,0.0,True,True,False,False,False,0.0,0.0,0.0,0.0,0.0,0.0,0.0,2023-08-20 19-28-47,0.16,0,0.02,1,-55
3.2000000000000015,0.0,12.6,0.0,12.6,0.0,True,True,False,False,False,0.0,0.0,0.0,0.0,0.0,0.0,0.0,2023-08-20 19-28-47,0.16,0,0.02,1,-55
3.3000000000000016,0.0,12.8,0.0,12.9,0.0,True,True,False,False,False,0.0,0.0,0.0,0.0,0.0,0.0,0.0,2023-08-20 19-28-47,0.16,0,0.02,1,-55
3.4000000000000017,0.0,12.2,0.0,12.3,0.0,True,True,False,False,False,0.0,0.0,0.0,0.0,0.0,0.0,0.0,2023-08-20 19-28-47,0.16,0,0.02,1,-55
3.5000000000000018,0.0,12.4,0.0,12.4,0.0,True,True,False,False,False,0.0,0.0,0.0,0.0,0.0,0.0,0.0,2023-08-20 19-28-47,0.16,0,0.02,1,-55
3.600000000000002,0.0,12.1,0.0,12.3,0.0,True,True,False,False,False,0.0,0.0,0.0,0.0,0.0,0.0,0.0,2023-08-20 19-28-47,0.16,0,0.02,1,-55
3.700000000000002,0.0,12.9,0.0,13.0,0.0,True,True,False,False,False,0.0,0.0,0.0,0.0,0.0,0.0,0.0,2023-08-20 19-28-47,0.16,0,0.02,1,-55
3.800000000000002,0.0,13.0,0.0,13.0,0.0,True,True,False,False,False,0.0,0.0,0.0,0.0,0.0,0.0,0.0,2023-08-20 19-28-47,0.16,0,0.02,1,-55
3.900000000000002,0.0,13.0,0.0,13.3,0.0,True,True,False,False,False,0.0,0.0,0.0,0.0,0.0,0.0,0.0,2023-08-20 19-28-47,0.16,0,0.02,1,-55
4.000000000000002,0.0,12.3,0.0,12.4,0.0,True,True,False,False,False,0.0,0.0,0.0,0.0,0.0,0.0,0.0,2023-08-20 19-28-47,0.16,0,0.02,1,-55
4.100000000000001,0.0,12.8,0.0,12.9,0.0,True,True,False,False,False,0.0,0.0,0.0,0.0,0.0,0.0,0.0,2023-08-20 19-28-47,0.16,0,0.02,1,-55
4.200000000000001,0.0,12.9,0.0,12.8,0.0,True,True,False,False,False,0.0,0.0,0.0,0.0,0.0,0.0,0.0,2023-08-20 19-28-47,0.16,0,0.02,1,-55
4.300000000000001,0.0,12.1,0.0,12.2,0.0,True,True,False,False,False,0.0,0.0,0.0,0.0,0.0,0.0,0.0,2023-08-20 19-28-47,0.16,0,0.02,1,-55
4.4,0.0,11.9,0.0,12.0,0.0,True,True,False,False,False,0.0,0.0,0.0,0.0,0.0,0.0,0.0,2023-08-20 19-28-47,0.16,0,0.02,1,-55
4.5,0.0,12.5,0.0,12.6,0.0,True,True,False,False,False,0.0,0.0,0.0,0.0,0.0,0.0,0.0,2023-08-20 19-28-47,0.16,0,0.02,1,-55
4.6,0.0,12.3,0.0,12.4,0.0,True,True,False,False,False,0.0,0.0,0.0,0.0,0.0,0.0,0.0,2023-08-20 19-28-47,0.16,0,0.02,1,-55
4.699999999999999,0.0,12.4,0.0,12.5,0.0,True,True,False,False,False,0.0,0.0,0.0,0.0,0.0,0.0,0.0,2023-08-20 19-28-47,0.16,0,0.02,1,-55
4.799999999999999,0.0,12.8,0.0,12.9,0.0,True,True,False,False,False,0.0,0.0,0.0,0.0,0.0,0.0,0.0,2023-08-20 19-28-47,0.16,0,0.02,1,-55
4.899999999999999,0.0,12.7,0.0,12.8,0.0,True,True,False,False,False,0.0,0.0,0.0,0.0,0.0,0.0,0.0,2023-08-20 19-28-47,0.16,0,0.02,1,-55
4.999999999999998,0.0,12.3,0.0,12.4,0.0,True,True,False,False,False,0.0,0.0,0.0,0.0,0.0,0.0,0.0,2023-08-20 19-28-47,0.16,0,0.02,1,-55
5.099999999999998,0.0,12.7,0.0,12.7,0.0,True,True,False,False,False,0.0,0.0,0.0,0.0,0.0,0.0,0.0,2023-08-20 19-28-47,0.16,0,0.02,1,-55
5.1999999999999975,0.0,13.8,0.0,14.2,0.0,True,True,False,False,False,0.0,0.0,0.0,0.0,0.0,0.0,0.0,2023-08-20 19-28-47,0.16,0,0.02,1,-55
5.299999999999997,0.0,12.8,0.0,13.0,0.0,True,True,False,False,False,0.0,0.0,0.0,0.0,0.0,0.0,0.0,2023-08-20 19-28-47,0.16,0,0.02,1,-55
5.399999999999997,0.0,12.2,0.0,12.3,0.0,True,True,False,False,False,0.0,0.0,0.0,0.0,0.0,0.0,0.0,2023-08-20 19-28-47,0.16,0,0.02,1,-55
5.4999999999999964,0.0,12.7,0.0,12.8,0.0,True,True,False,False,False,0.0,0.0,0.0,0.0,0.0,0.0,0.0,2023-08-20 19-28-47,0.16,0,0.02,1,-55
5.599999999999996,0.0,12.5,0.0,12.6,0.0,True,True,False,False,False,0.0,0.0,0.0,0.0,0.0,0.0,0.0,2023-08-20 19-28-47,0.16,0,0.02,1,-55
5.699999999999996,0.0,12.8,0.0,12.9,0.0,True,True,False,False,False,0.0,0.0,0.0,0.0,0.0,0.0,0.0,2023-08-20 19-28-47,0.16,0,0.02,1,-55
5.799999999999995,0.0,12.4,0.0,12.4,0.0,True,True,False,False,False,0.0,0.0,0.0,0.0,0.0,0.0,0.0,2023-08-20 19-28-47,0.16,0,0.02,1,-55
5.899999999999995,0.0,12.5,0.0,12.6,0.0,True,True,False,False,False,0.0,0.0,0.0,0.0,0.0,0.0,0.0,2023-08-20 19-28-47,0.16,0,0.02,1,-55
5.999999999999995,0.0,12.4,0.0,12.5,0.0,True,True,False,False,False,0.0,0.0,0.0,0.0,0.0,0.0,0.0,2023-08-20 19-28-47,0.16,0,0.02,1,-55
6.099999999999994,0.0,12.5,0.0,12.5,0.0,True,True,False,False,False,0.0,0.0,0.0,0.0,0.0,0.0,0.0,2023-08-20 19-28-47,0.16,0,0.02,1,-55
6.199999999999994,0.0,12.4,0.0,12.6,0.0,True,True,False,False,False,0.0,0.0,0.0,0.0,0.0,0.0,0.0,2023-08-20 19-28-47,0.16,0,0.02,1,-55
6.299999999999994,0.0,12.3,0.0,12.4,0.0,True,True,False,False,False,0.0,0.0,0.0,0.0,0.0,0.0,0.0,2023-08-20 19-28-47,0.16,0,0.02,1,-55
6.399999999999993,0.0,12.4,0.0,12.5,0.0,True,True,False,False,False,0.0,0.0,0.0,0.0,0.0,0.0,0.0,2023-08-20 19-28-47,0.16,0,0.02,1,-55
6.499999999999993,0.0,12.2,0.0,12.2,0.0,True,True,False,False,False,0.0,0.0,0.0,0.0,0.0,0.0,0.0,2023-08-20 19-28-47,0.16,0,0.02,1,-55
6.5999999999999925,0.0,12.2,0.0,12.3,0.0,True,True,False,False,False,0.0,0.0,0.0,0.0,0.0,0.0,0.0,2023-08-20 19-28-47,0.16,0,0.02,1,-55
6.699999999999992,0.0,12.6,0.0,12.7,0.0,True,True,False,False,False,0.0,0.0,0.0,0.0,0.0,0.0,0.0,2023-08-20 19-28-47,0.16,0,0.02,1,-55
6.799999999999992,0.0,12.0,0.0,12.1,0.0,True,True,False,False,False,0.0,0.0,0.0,0.0,0.0,0.0,0.0,2023-08-20 19-28-47,0.16,0,0.02,1,-55
6.8999999999999915,0.0,12.9,0.0,12.9,0.0,True,True,False,False,False,0.0,0.0,0.0,0.0,0.0,0.0,0.0,2023-08-20 19-28-47,0.16,0,0.02,1,-55
6.999999999999991,0.0,12.5,0.0,12.6,0.0,True,True,False,False,False,0.0,0.0,0.0,0.0,0.0,0.0,0.0,2023-08-20 19-28-47,0.16,0,0.02,1,-55
7.099999999999991,0.0,12.3,0.0,12.5,0.0,True,True,False,False,False,0.0,0.0,0.0,0.0,0.0,0.0,0.0,2023-08-20 19-28-47,0.16,0,0.02,1,-55
7.19999999999999,0.0,12.3,0.0,12.5,0.0,True,True,False,False,False,0.0,0.0,0.0,0.0,0.0,0.0,0.0,2023-08-20 19-28-47,0.16,0,0.02,1,-55
7.29999999999999,0.0,12.2,0.0,12.3,0.0,True,True,False,False,False,0.0,0.0,0.0,0.0,0.0,0.0,0.0,2023-08-20 19-28-47,0.16,0,0.02,1,-55
7.39999999999999,0.0,12.9,0.0,12.9,0.0,True,True,False,False,False,0.0,0.0,0.0,0.0,0.0,0.0,0.0,2023-08-20 19-28-47,0.16,0,0.02,1,-55
7.499999999999989,0.0,12.3,0.0,12.4,0.0,True,True,False,False,False,0.0,0.0,0.0,0.0,0.0,0.0,0.0,2023-08-20 19-28-47,0.16,0,0.02,1,-55
7.599999999999989,0.0,12.6,0.0,12.8,0.0,True,True,False,False,False,0.0,0.0,0.0,0.0,0.0,0.0,0.0,2023-08-20 19-28-47,0.16,0,0.02,1,-55
7.699999999999989,0.0,12.5,0.0,12.6,0.0,True,True,False,False,False,0.0,0.0,0.0,0.0,0.0,0.0,0.0,2023-08-20 19-28-47,0.16,0,0.02,1,-55
7.799999999999988,0.0,12.3,0.0,12.3,0.0,True,True,False,False,False,0.0,0.0,0.0,0.0,0.0,0.0,0.0,2023-08-20 19-28-47,0.16,0,0.02,1,-55
7.899999999999988,0.0,12.9,0.0,13.0,0.0,True,True,False,False,False,0.0,0.0,0.0,0.0,0.0,0.0,0.0,2023-08-20 19-28-47,0.16,0,0.02,1,-55
7.999999999999988,0.0,12.3,0.0,12.4,0.0,True,True,False,False,False,0.0,0.0,0.0,0.0,0.0,0.0,0.0,2023-08-20 19-28-47,0.16,0,0.02,1,-55
8.099999999999987,0.0,12.6,0.0,12.7,0.0,True,True,False,False,False,0.0,0.0,0.0,0.0,0.0,0.0,0.0,2023-08-20 19-28-47,0.16,0,0.02,1,-55
8.199999999999987,0.0,12.9,0.0,12.9,0.0,True,True,False,False,False,0.0,0.0,0.0,0.0,0.0,0.0,0.0,2023-08-20 19-28-47,0.16,0,0.02,1,-55
8.299999999999986,0.0,12.5,0.0,12.6,0.0,True,True,False,False,False,0.0,0.0,0.0,0.0,0.0,0.0,0.0,2023-08-20 19-28-47,0.16,0,0.02,1,-55
8.399999999999986,0.0,12.8,0.0,12.9,0.0,True,True,False,False,False,0.0,0.0,0.0,0.0,0.0,0.0,0.0,2023-08-20 19-28-47,0.16,0,0.02,1,-55
8.499999999999986,0.0,12.9,0.0,13.0,0.0,True,True,False,False,False,0.0,0.0,0.0,0.0,0.0,0.0,0.0,2023-08-20 19-28-47,0.16,0,0.02,1,-55
8.599999999999985,0.0,12.0,0.0,12.1,0.0,True,True,False,False,False,0.0,0.0,0.0,0.0,0.0,0.0,0.0,2023-08-20 19-28-47,0.16,0,0.02,1,-55
8.699999999999985,0.0,12.3,0.0,12.4,0.0,True,True,False,False,False,0.0,0.0,0.0,0.0,0.0,0.0,0.0,2023-08-20 19-28-47,0.16,0,0.02,1,-55
8.799999999999985,0.0,12.8,0.0,12.9,0.0,True,True,False,False,False,0.0,0.0,0.0,0.0,0.0,0.0,0.0,2023-08-20 19-28-47,0.16,0,0.02,1,-55
8.899999999999984,0.0,12.7,0.0,12.8,0.0,True,True,False,False,False,0.0,0.0,0.0,0.0,0.0,0.0,0.0,2023-08-20 19-28-47,0.16,0,0.02,1,-55
8.999999999999984,0.0,12.2,0.0,12.4,0.0,True,True,False,False,False,0.0,0.0,0.0,0.0,0.0,0.0,0.0,2023-08-20 19-28-47,0.16,0,0.02,1,-55
9.099999999999984,0.0,12.5,0.0,12.6,0.0,True,True,False,False,False,0.0,0.0,0.0,0.0,0.0,0.0,0.0,2023-08-20 19-28-47,0.16,0,0.02,1,-55
9.199999999999983,0.0,11.8,0.0,11.9,0.0,True,True,False,False,False,0.0,0.0,0.0,0.0,0.0,0.0,0.0,2023-08-20 19-28-47,0.16,0,0.02,1,-55
9.299999999999983,0.0,12.5,0.0,12.6,0.0,True,True,False,False,False,0.0,0.0,0.0,0.0,0.0,0.0,0.0,2023-08-20 19-28-47,0.16,0,0.02,1,-55
9.399999999999983,0.0,13.0,0.0,13.2,0.0,True,True,False,False,False,0.0,0.0,0.0,0.0,0.0,0.0,0.0,2023-08-20 19-28-47,0.16,0,0.02,1,-55
9.499999999999982,0.0,12.1,0.0,12.3,0.0,True,True,False,False,False,0.0,0.0,0.0,0.0,0.0,0.0,0.0,2023-08-20 19-28-47,0.16,0,0.02,1,-55
9.599999999999982,0.0,13.2,0.0,13.6,0.0,True,True,False,False,False,0.0,0.0,0.0,0.0,0.0,0.0,0.0,2023-08-20 19-28-47,0.16,0,0.02,1,-55
9.699999999999982,0.0,12.4,0.0,12.5,0.0,True,True,False,False,False,0.0,0.0,0.0,0.0,0.0,0.0,0.0,2023-08-20 19-28-47,0.16,0,0.02,1,-55
9.799999999999981,0.0,12.7,0.0,12.8,0.0,True,True,False,False,False,0.0,0.0,0.0,0.0,0.0,0.0,0.0,2023-08-20 19-28-47,0.16,0,0.02,1,-55
9.89999999999998,0.0,12.2,0.0,12.3,0.0,True,True,False,False,False,0.0,0.0,0.0,0.0,0.0,0.0,0.0,2023-08-20 19-28-47,0.16,0,0.02,1,-55
9.99999999999998,0.0,13.2,0.0,13.5,0.0,True,True,False,False,False,0.0,0.0,0.0,0.0,0.0,0.0,0.0,2023-08-20 19-28-47,0.16,0,0.02,1,-55
10.09999999999998,0.0,12.4,0.0,12.5,0.0,True,True,False,False,False,0.0,0.0,0.0,0.0,0.0,0.0,0.0,2023-08-20 19-28-47,0.16,0,0.02,1,-55
10.19999999999998,0.0,11.9,0.0,12.0,0.0,True,True,False,False,False,0.0,0.0,0.0,0.0,0.0,0.0,0.0,2023-08-20 19-28-47,0.16,0,0.02,1,-55
10.29999999999998,0.0,12.5,0.0,12.6,0.0,True,True,False,False,False,0.0,0.0,0.0,0.0,0.0,0.0,0.0,2023-08-20 19-28-47,0.16,0,0.02,1,-55
10.399999999999979,0.0,12.7,0.0,12.7,0.0,True,True,False,False,False,0.0,0.0,0.0,0.0,0.0,0.0,0.0,2023-08-20 19-28-47,0.16,0,0.02,1,-55
10.499999999999979,0.0,13.4,0.0,13.7,0.0,True,True,False,False,False,0.0,0.0,0.0,0.0,0.0,0.0,0.0,2023-08-20 19-28-47,0.16,0,0.02,1,-55
10.599999999999978,0.0,12.6,0.0,12.6,0.0,True,True,False,False,False,0.0,0.0,0.0,0.0,0.0,0.0,0.0,2023-08-20 19-28-47,0.16,0,0.02,1,-55
10.699999999999978,0.0,12.7,0.0,12.8,0.0,True,True,False,False,False,0.0,0.0,0.0,0.0,0.0,0.0,0.0,2023-08-20 19-28-47,0.16,0,0.02,1,-55
10.799999999999978,0.0,12.2,0.0,12.2,0.0,True,True,False,False,False,0.0,0.0,0.0,0.0,0.0,0.0,0.0,2023-08-20 19-28-47,0.16,0,0.02,1,-55
10.899999999999977,0.0,12.6,0.0,12.8,0.0,True,True,False,False,False,0.0,0.0,0.0,0.0,0.0,0.0,0.0,2023-08-20 19-28-47,0.16,0,0.02,1,-55
10.999999999999977,0.0,12.5,0.0,12.7,0.0,True,True,False,False,False,0.0,0.0,0.0,0.0,0.0,0.0,0.0,2023-08-20 19-28-47,0.16,0,0.02,1,-55
11.099999999999977,0.0,11.9,0.0,11.9,0.0,True,True,False,False,False,0.0,0.0,0.0,0.0,0.0,0.0,0.0,2023-08-20 19-28-47,0.16,0,0.02,1,-55
11.199999999999976,0.0,12.1,0.0,12.2,0.0,True,True,False,False,False,0.0,0.0,0.0,0.0,0.0,0.0,0.0,2023-08-20 19-28-47,0.16,0,0.02,1,-55
11.299999999999976,0.0,12.3,0.0,12.4,0.0,True,True,False,False,False,0.0,0.0,0.0,0.0,0.0,0.0,0.0,2023-08-20 19-28-47,0.16,0,0.02,1,-55
11.399999999999975,0.0,11.9,0.0,12.0,0.0,True,True,False,False,False,0.0,0.0,0.0,0.0,0.0,0.0,0.0,2023-08-20 19-28-47,0.16,0,0.02,1,-55
11.499999999999975,0.0,12.3,0.0,12.4,0.0,True,True,False,False,False,0.0,0.0,0.0,0.0,0.0,0.0,0.0,2023-08-20 19-28-47,0.16,0,0.02,1,-55
11.599999999999975,0.0,12.2,0.0,12.3,0.0,True,True,False,False,False,0.0,0.0,0.0,0.0,0.0,0.0,0.0,2023-08-20 19-28-47,0.16,0,0.02,1,-55
11.699999999999974,0.0,12.6,0.0,12.8,0.0,True,True,False,False,False,0.0,0.0,0.0,0.0,0.0,0.0,0.0,2023-08-20 19-28-47,0.16,0,0.02,1,-55
11.799999999999974,0.0,12.7,0.0,12.9,0.0,True,True,False,False,False,0.0,0.0,0.0,0.0,0.0,0.0,0.0,2023-08-20 19-28-47,0.16,0,0.02,1,-55
11.899999999999974,0.0,12.8,0.0,13.1,0.0,True,True,False,False,False,0.0,0.0,0.0,0.0,0.0,0.0,0.0,2023-08-20 19-28-47,0.16,0,0.02,1,-55
11.999999999999973,0.0,11.7,0.0,11.9,0.0,True,True,False,False,False,0.0,0.0,0.0,0.0,0.0,0.0,0.0,2023-08-20 19-28-47,0.16,0,0.02,1,-55
12.099999999999973,0.0,12.1,0.0,12.3,0.0,True,True,False,False,False,0.0,0.0,0.0,0.0,0.0,0.0,0.0,2023-08-20 19-28-47,0.16,0,0.02,1,-55
12.199999999999973,0.0,12.3,0.0,12.4,0.0,True,True,False,False,False,0.0,0.0,0.0,0.0,0.0,0.0,0.0,2023-08-20 19-28-47,0.16,0,0.02,1,-55
12.299999999999972,0.0,13.9,0.0,14.1,0.0,True,True,False,False,False,0.0,0.0,0.0,0.0,0.0,0.0,0.0,2023-08-20 19-28-47,0.16,0,0.02,1,-55
12.399999999999972,0.0,13.5,0.0,13.6,0.0,True,True,False,False,False,0.0,0.0,0.0,0.0,0.0,0.0,0.0,2023-08-20 19-28-47,0.16,0,0.02,1,-55
12.499999999999972,0.0,12.7,0.0,12.8,0.0,True,True,False,False,False,0.0,0.0,0.0,0.0,0.0,0.0,0.0,2023-08-20 19-28-47,0.16,0,0.02,1,-55
12.599999999999971,0.0,12.4,0.0,12.4,0.0,True,True,False,False,False,0.0,0.0,0.0,0.0,0.0,0.0,0.0,2023-08-20 19-28-47,0.16,0,0.02,1,-55
12.69999999999997,0.0,12.7,0.0,12.8,0.0,True,True,False,False,False,0.0,0.0,0.0,0.0,0.0,0.0,0.0,2023-08-20 19-28-47,0.16,0,0.02,1,-55
12.79999999999997,0.0,12.0,0.0,12.1,0.0,True,True,False,False,False,0.0,0.0,0.0,0.0,0.0,0.0,0.0,2023-08-20 19-28-47,0.16,0,0.02,1,-55
12.89999999999997,0.0,12.1,0.0,12.2,0.0,True,True,False,False,False,0.0,0.0,0.0,0.0,0.0,0.0,0.0,2023-08-20 19-28-47,0.16,0,0.02,1,-55
12.99999999999997,0.0,12.4,0.0,12.5,0.0,True,True,False,False,False,0.0,0.0,0.0,0.0,0.0,0.0,0.0,2023-08-20 19-28-47,0.16,0,0.02,1,-55
13.09999999999997,0.0,12.5,0.0,12.6,0.0,True,True,False,False,False,0.0,0.0,0.0,0.0,0.0,0.0,0.0,2023-08-20 19-28-47,0.16,0,0.02,1,-55
13.199999999999969,0.0,13.0,0.0,13.1,0.0,True,True,False,False,False,0.0,0.0,0.0,0.0,0.0,0.0,0.0,2023-08-20 19-28-47,0.16,0,0.02,1,-55
13.299999999999969,0.0,12.5,0.0,12.6,0.0,True,True,False,False,False,0.0,0.0,0.0,0.0,0.0,0.0,0.0,2023-08-20 19-28-47,0.16,0,0.02,1,-55
13.399999999999968,0.0,12.8,0.0,12.9,0.0,True,True,False,False,False,0.0,0.0,0.0,0.0,0.0,0.0,0.0,2023-08-20 19-28-47,0.16,0,0.02,1,-55
13.499999999999968,0.0,12.5,0.0,12.6,0.0,True,True,False,False,False,0.0,0.0,0.0,0.0,0.0,0.0,0.0,2023-08-20 19-28-47,0.16,0,0.02,1,-55
13.599999999999968,0.0,12.4,0.0,12.5,0.0,True,True,False,False,False,0.0,0.0,0.0,0.0,0.0,0.0,0.0,2023-08-20 19-28-47,0.16,0,0.02,1,-55
13.699999999999967,0.0,12.4,0.0,12.6,0.0,True,True,False,False,False,0.0,0.0,0.0,0.0,0.0,0.0,0.0,2023-08-20 19-28-47,0.16,0,0.02,1,-55
13.799999999999967,0.0,11.8,0.0,11.9,0.0,True,True,False,False,False,0.0,0.0,0.0,0.0,0.0,0.0,0.0,2023-08-20 19-28-47,0.16,0,0.02,1,-55
13.899999999999967,0.0,12.5,0.0,12.6,0.0,True,True,False,False,False,0.0,0.0,0.0,0.0,0.0,0.0,0.0,2023-08-20 19-28-47,0.16,0,0.02,1,-55
13.999999999999966,0.0,12.3,0.0,12.4,0.0,True,True,False,False,False,0.0,0.0,0.0,0.0,0.0,0.0,0.0,2023-08-20 19-28-47,0.16,0,0.02,1,-55
14.099999999999966,0.0,12.4,0.0,12.5,0.0,True,True,False,False,False,0.0,0.0,0.0,0.0,0.0,0.0,0.0,2023-08-20 19-28-47,0.16,0,0.02,1,-55
14.199999999999966,0.0,12.4,0.0,12.4,0.0,True,True,False,False,False,0.0,0.0,0.0,0.0,0.0,0.0,0.0,2023-08-20 19-28-47,0.16,0,0.02,1,-55
14.299999999999965,0.0,14.4,0.0,14.6,0.0,True,True,False,False,False,0.0,0.0,0.0,0.0,0.0,0.0,0.0,2023-08-20 19-28-47,0.16,0,0.02,1,-55
14.399999999999965,0.0,12.8,0.0,12.9,0.0,True,True,False,False,False,0.0,0.0,0.0,0.0,0.0,0.0,0.0,2023-08-20 19-28-47,0.16,0,0.02,1,-55
14.499999999999964,0.0,12.8,0.0,13.0,0.0,True,True,False,False,False,0.0,0.0,0.0,0.0,0.0,0.0,0.0,2023-08-20 19-28-47,0.16,0,0.02,1,-55
14.599999999999964,0.0,12.7,0.0,12.8,0.0,True,True,False,False,False,0.0,0.0,0.0,0.0,0.0,0.0,0.0,2023-08-20 19-28-47,0.16,0,0.02,1,-55
14.699999999999964,0.0,12.8,0.0,13.0,0.0,True,True,False,False,False,0.0,0.0,0.0,0.0,0.0,0.0,0.0,2023-08-20 19-28-47,0.16,0,0.02,1,-55
14.799999999999963,0.0,12.3,0.0,12.5,0.0,True,True,False,False,False,0.0,0.0,0.0,0.0,0.0,0.0,0.0,2023-08-20 19-28-47,0.16,0,0.02,1,-55
14.899999999999963,0.0,12.6,0.0,12.6,0.0,True,True,False,False,False,0.0,0.0,0.0,0.0,0.0,0.0,0.0,2023-08-20 19-28-47,0.16,0,0.02,1,-55
14.999999999999963,0.0,12.4,0.0,12.5,0.0,True,True,False,False,False,0.0,0.0,0.0,0.0,0.0,0.0,0.0,2023-08-20 19-28-47,0.16,0,0.02,1,-55
15.099999999999962,0.0,12.8,0.0,13.0,0.0,True,True,False,False,False,0.0,0.0,0.0,0.0,0.0,0.0,0.0,2023-08-20 19-28-47,0.16,0,0.02,1,-55
15.199999999999962,0.0,12.2,0.0,12.3,0.0,True,True,False,False,False,0.0,0.0,0.0,0.0,0.0,0.0,0.0,2023-08-20 19-28-47,0.16,0,0.02,1,-55
15.299999999999962,0.0,12.4,0.0,12.4,0.0,True,True,False,False,False,0.0,0.0,0.0,0.0,0.0,0.0,0.0,2023-08-20 19-28-47,0.16,0,0.02,1,-55
15.399999999999961,0.0,12.5,0.0,12.6,0.0,True,True,False,False,False,0.0,0.0,0.0,0.0,0.0,0.0,0.0,2023-08-20 19-28-47,0.16,0,0.02,1,-55
15.499999999999961,0.0,12.0,0.0,12.2,0.0,True,True,False,False,False,0.0,0.0,0.0,0.0,0.0,0.0,0.0,2023-08-20 19-28-47,0.16,0,0.02,1,-55
15.59999999999996,0.0,12.6,0.0,12.7,0.0,True,True,False,False,False,0.0,0.0,0.0,0.0,0.0,0.0,0.0,2023-08-20 19-28-47,0.16,0,0.02,1,-55
15.69999999999996,0.0,12.5,0.0,12.6,0.0,True,True,False,False,False,0.0,0.0,0.0,0.0,0.0,0.0,0.0,2023-08-20 19-28-47,0.16,0,0.02,1,-55
15.79999999999996,0.0,12.3,0.0,12.4,0.0,True,True,False,False,False,0.0,0.0,0.0,0.0,0.0,0.0,0.0,2023-08-20 19-28-47,0.16,0,0.02,1,-55
15.89999999999996,0.0,12.2,0.0,12.3,0.0,True,True,False,False,False,0.0,0.0,0.0,0.0,0.0,0.0,0.0,2023-08-20 19-28-47,0.16,0,0.02,1,-55
15.99999999999996,0.0,12.6,0.0,12.6,0.0,True,True,False,False,False,0.0,0.0,0.0,0.0,0.0,0.0,0.0,2023-08-20 19-28-47,0.16,0,0.02,1,-55
16.09999999999996,0.0,12.4,0.0,12.5,0.0,True,True,False,False,False,0.0,0.0,0.0,0.0,0.0,0.0,0.0,2023-08-20 19-28-47,0.16,0,0.02,1,-55
16.19999999999996,0.0,12.5,0.0,12.6,0.0,True,True,False,False,False,0.0,0.0,0.0,0.0,0.0,0.0,0.0,2023-08-20 19-28-47,0.16,0,0.02,1,-55
16.29999999999996,0.0,12.5,0.0,12.6,0.0,True,True,False,False,False,0.0,0.0,0.0,0.0,0.0,0.0,0.0,2023-08-20 19-28-47,0.16,0,0.02,1,-55
16.399999999999963,0.0,12.6,0.0,12.7,0.0,True,True,False,False,False,0.0,0.0,0.0,0.0,0.0,0.0,0.0,2023-08-20 19-28-47,0.16,0,0.02,1,-55
16.499999999999964,0.0,12.4,0.0,12.5,0.0,True,True,False,False,False,0.0,0.0,0.0,0.0,0.0,0.0,0.0,2023-08-20 19-28-47,0.16,0,0.02,1,-55
16.599999999999966,0.0,12.6,0.0,12.7,0.0,True,True,False,False,False,0.0,0.0,0.0,0.0,0.0,0.0,0.0,2023-08-20 19-28-47,0.16,0,0.02,1,-55
16.699999999999967,0.0,12.5,0.0,12.7,0.0,True,True,False,False,False,0.0,0.0,0.0,0.0,0.0,0.0,0.0,2023-08-20 19-28-47,0.16,0,0.02,1,-55
16.79999999999997,0.0,12.1,0.0,12.2,0.0,True,True,False,False,False,0.0,0.0,0.0,0.0,0.0,0.0,0.0,2023-08-20 19-28-47,0.16,0,0.02,1,-55
16.89999999999997,0.0,12.9,0.0,13.1,0.0,True,True,False,False,False,0.0,0.0,0.0,0.0,0.0,0.0,0.0,2023-08-20 19-28-47,0.16,0,0.02,1,-55
16.99999999999997,0.0,12.3,0.0,12.4,0.0,True,True,False,False,False,0.0,0.0,0.0,0.0,0.0,0.0,0.0,2023-08-20 19-28-47,0.16,0,0.02,1,-55
17.099999999999973,0.0,12.6,0.0,12.7,0.0,True,True,False,False,False,0.0,0.0,0.0,0.0,0.0,0.0,0.0,2023-08-20 19-28-47,0.16,0,0.02,1,-55
17.199999999999974,0.0,13.2,0.0,13.5,0.0,True,True,False,False,False,0.0,0.0,0.0,0.0,0.0,0.0,0.0,2023-08-20 19-28-47,0.16,0,0.02,1,-55
17.299999999999976,0.0,11.9,0.0,12.1,0.0,True,True,False,False,False,0.0,0.0,0.0,0.0,0.0,0.0,0.0,2023-08-20 19-28-47,0.16,0,0.02,1,-55
17.399999999999977,0.0,12.4,0.0,12.4,0.0,True,True,False,False,False,0.0,0.0,0.0,0.0,0.0,0.0,0.0,2023-08-20 19-28-47,0.16,0,0.02,1,-55
17.49999999999998,0.0,12.2,0.0,12.2,0.0,True,True,False,False,False,0.0,0.0,0.0,0.0,0.0,0.0,0.0,2023-08-20 19-28-47,0.16,0,0.02,1,-55
17.59999999999998,0.0,12.2,0.0,12.3,0.0,True,True,False,False,False,0.0,0.0,0.0,0.0,0.0,0.0,0.0,2023-08-20 19-28-47,0.16,0,0.02,1,-55
17.69999999999998,0.0,12.1,0.0,12.3,0.0,True,True,False,False,False,0.0,0.0,0.0,0.0,0.0,0.0,0.0,2023-08-20 19-28-47,0.16,0,0.02,1,-55
17.799999999999983,0.0,12.8,0.0,13.1,0.0,True,True,False,False,False,0.0,0.0,0.0,0.0,0.0,0.0,0.0,2023-08-20 19-28-47,0.16,0,0.02,1,-55
17.899999999999984,0.0,12.3,0.0,12.4,0.0,True,True,False,False,False,0.0,0.0,0.0,0.0,0.0,0.0,0.0,2023-08-20 19-28-47,0.16,0,0.02,1,-55
17.999999999999986,0.0,12.1,0.0,12.3,0.0,True,True,False,False,False,0.0,0.0,0.0,0.0,0.0,0.0,0.0,2023-08-20 19-28-47,0.16,0,0.02,1,-55
18.099999999999987,0.0,12.6,0.0,12.7,0.0,True,True,False,False,False,0.0,0.0,0.0,0.0,0.0,0.0,0.0,2023-08-20 19-28-47,0.16,0,0.02,1,-55
18.19999999999999,0.0,12.5,0.0,12.6,0.0,True,True,False,False,False,0.0,0.0,0.0,0.0,0.0,0.0,0.0,2023-08-20 19-28-47,0.16,0,0.02,1,-55
18.29999999999999,0.0,12.0,0.0,12.0,0.0,True,True,False,False,False,0.0,0.0,0.0,0.0,0.0,0.0,0.0,2023-08-20 19-28-47,0.16,0,0.02,1,-55
18.39999999999999,0.0,12.6,0.0,12.7,0.0,True,True,False,False,False,0.0,0.0,0.0,0.0,0.0,0.0,0.0,2023-08-20 19-28-47,0.16,0,0.02,1,-55
18.499999999999993,0.0,12.1,0.0,12.1,0.0,True,True,False,False,False,0.0,0.0,0.0,0.0,0.0,0.0,0.0,2023-08-20 19-28-47,0.16,0,0.02,1,-55
18.599999999999994,0.0,12.6,0.0,12.6,0.0,True,True,False,False,False,0.0,0.0,0.0,0.0,0.0,0.0,0.0,2023-08-20 19-28-47,0.16,0,0.02,1,-55
18.699999999999996,0.0,12.2,0.0,12.4,0.0,True,True,False,False,False,0.0,0.0,0.0,0.0,0.0,0.0,0.0,2023-08-20 19-28-47,0.16,0,0.02,1,-55
18.799999999999997,0.0,12.9,0.0,13.0,0.0,True,True,False,False,False,0.0,0.0,0.0,0.0,0.0,0.0,0.0,2023-08-20 19-28-47,0.16,0,0.02,1,-55
18.9,0.0,12.5,0.0,12.5,0.0,True,True,False,False,False,0.0,0.0,0.0,0.0,0.0,0.0,0.0,2023-08-20 19-28-47,0.16,0,0.02,1,-55
19.0,0.0,12.7,0.0,12.7,0.0,True,True,False,False,False,0.0,0.0,0.0,0.0,0.0,0.0,0.0,2023-08-20 19-28-47,0.16,0,0.02,1,-55
19.1,0.0,13.2,0.0,13.4,0.0,True,True,False,False,False,0.0,0.0,0.0,0.0,0.0,0.0,0.0,2023-08-20 19-28-47,0.16,0,0.02,1,-55
19.200000000000003,0.0,12.1,0.0,12.2,0.0,True,True,False,False,False,0.0,0.0,0.0,0.0,0.0,0.0,0.0,2023-08-20 19-28-47,0.16,0,0.02,1,-55
19.300000000000004,0.0,12.0,0.0,12.1,0.0,True,True,False,False,False,0.0,0.0,0.0,0.0,0.0,0.0,0.0,2023-08-20 19-28-47,0.16,0,0.02,1,-55
19.400000000000006,0.0,12.4,0.0,12.5,0.0,True,True,False,False,False,0.0,0.0,0.0,0.0,0.0,0.0,0.0,2023-08-20 19-28-47,0.16,0,0.02,1,-55
19.500000000000007,0.0,12.7,0.0,12.8,0.0,True,True,False,False,False,0.0,0.0,0.0,0.0,0.0,0.0,0.0,2023-08-20 19-28-47,0.16,0,0.02,1,-55
19.60000000000001,0.0,12.8,0.0,13.0,0.0,True,True,False,False,False,0.0,0.0,0.0,0.0,0.0,0.0,0.0,2023-08-20 19-28-47,0.16,0,0.02,1,-55
19.70000000000001,0.0,12.6,0.0,12.7,0.0,True,True,False,False,False,0.0,0.0,0.0,0.0,0.0,0.0,0.0,2023-08-20 19-28-47,0.16,0,0.02,1,-55
19.80000000000001,0.0,12.3,0.0,12.3,0.0,True,True,False,False,False,0.0,0.0,0.0,0.0,0.0,0.0,0.0,2023-08-20 19-28-47,0.16,0,0.02,1,-55
19.900000000000013,0.0,12.7,0.0,12.8,0.0,True,True,False,False,False,0.0,0.0,0.0,0.0,0.0,0.0,0.0,2023-08-20 19-28-47,0.16,0,0.02,1,-55
20.000000000000014,0.0,12.6,0.0,12.7,0.0,True,True,False,False,False,0.0,0.0,0.0,0.0,0.0,0.0,0.0,2023-08-20 19-28-47,0.16,0,0.02,1,-55
20.100000000000016,0.0,12.7,0.0,12.8,0.0,True,True,False,False,False,0.0,0.0,0.0,0.0,0.0,0.0,0.0,2023-08-20 19-28-47,0.16,0,0.02,1,-55
20.200000000000017,0.0,12.4,0.0,12.5,0.0,True,True,False,False,False,0.0,0.0,0.0,0.0,0.0,0.0,0.0,2023-08-20 19-28-47,0.16,0,0.02,1,-55
20.30000000000002,0.0,12.8,0.0,12.9,0.0,True,True,False,False,False,0.0,0.0,0.0,0.0,0.0,0.0,0.0,2023-08-20 19-28-47,0.16,0,0.02,1,-55
20.40000000000002,0.0,12.1,0.0,12.2,0.0,True,True,False,False,False,0.0,0.0,0.0,0.0,0.0,0.0,0.0,2023-08-20 19-28-47,0.16,0,0.02,1,-55
20.50000000000002,0.0,13.0,0.0,13.1,0.0,True,True,False,False,False,0.0,0.0,0.0,0.0,0.0,0.0,0.0,2023-08-20 19-28-47,0.16,0,0.02,1,-55
20.600000000000023,0.0,12.5,0.0,12.6,0.0,True,True,False,False,False,0.0,0.0,0.0,0.0,0.0,0.0,0.0,2023-08-20 19-28-47,0.16,0,0.02,1,-55
20.700000000000024,0.0,12.8,0.0,13.0,0.0,True,True,False,False,False,0.0,0.0,0.0,0.0,0.0,0.0,0.0,2023-08-20 19-28-47,0.16,0,0.02,1,-55
20.800000000000026,0.0,12.6,0.0,12.7,0.0,True,True,False,False,False,0.0,0.0,0.0,0.0,0.0,0.0,0.0,2023-08-20 19-28-47,0.16,0,0.02,1,-55
20.900000000000027,0.0,12.4,0.0,12.4,0.0,True,True,False,False,False,0.0,0.0,0.0,0.0,0.0,0.0,0.0,2023-08-20 19-28-47,0.16,0,0.02,1,-55
21.00000000000003,0.0,12.6,0.0,12.7,0.0,True,True,False,False,False,0.0,0.0,0.0,0.0,0.0,0.0,0.0,2023-08-20 19-28-47,0.16,0,0.02,1,-55
21.10000000000003,0.0,12.1,0.0,12.1,0.0,True,True,False,False,False,0.0,0.0,0.0,0.0,0.0,0.0,0.0,2023-08-20 19-28-47,0.16,0,0.02,1,-55
21.20000000000003,0.0,12.0,0.0,12.2,0.0,True,True,False,False,False,0.0,0.0,0.0,0.0,0.0,0.0,0.0,2023-08-20 19-28-47,0.16,0,0.02,1,-55
21.300000000000033,0.0,12.8,0.0,12.9,0.0,True,True,False,False,False,0.0,0.0,0.0,0.0,0.0,0.0,0.0,2023-08-20 19-28-47,0.16,0,0.02,1,-55
21.400000000000034,0.0,12.3,0.0,12.5,0.0,True,True,False,False,False,0.0,0.0,0.0,0.0,0.0,0.0,0.0,2023-08-20 19-28-47,0.16,0,0.02,1,-55
21.500000000000036,0.0,12.9,0.0,13.1,0.0,True,True,False,False,False,0.0,0.0,0.0,0.0,0.0,0.0,0.0,2023-08-20 19-28-47,0.16,0,0.02,1,-55
21.600000000000037,0.0,12.9,0.0,13.0,0.0,True,True,False,False,False,0.0,0.0,0.0,0.0,0.0,0.0,0.0,2023-08-20 19-28-47,0.16,0,0.02,1,-55
21.70000000000004,0.0,13.2,0.0,13.3,0.0,True,True,False,False,False,0.0,0.0,0.0,0.0,0.0,0.0,0.0,2023-08-20 19-28-47,0.16,0,0.02,1,-55
21.80000000000004,0.0,12.4,0.0,12.6,0.0,True,True,False,False,False,0.0,0.0,0.0,0.0,0.0,0.0,0.0,2023-08-20 19-28-47,0.16,0,0.02,1,-55
21.90000000000004,0.0,12.5,0.0,12.5,0.0,True,True,False,False,False,0.0,0.0,0.0,0.0,0.0,0.0,0.0,2023-08-20 19-28-47,0.16,0,0.02,1,-55
22.000000000000043,0.0,12.6,0.0,12.8,0.0,True,True,False,False,False,0.0,0.0,0.0,0.0,0.0,0.0,0.0,2023-08-20 19-28-47,0.16,0,0.02,1,-55
22.100000000000044,0.0,13.0,0.0,13.1,0.0,True,True,False,False,False,0.0,0.0,0.0,0.0,0.0,0.0,0.0,2023-08-20 19-28-47,0.16,0,0.02,1,-55
22.200000000000045,0.0,12.5,0.0,12.7,0.0,True,True,False,False,False,0.0,0.0,0.0,0.0,0.0,0.0,0.0,2023-08-20 19-28-47,0.16,0,0.02,1,-55
22.300000000000047,0.0,12.9,0.0,13.0,0.0,True,True,False,False,False,0.0,0.0,0.0,0.0,0.0,0.0,0.0,2023-08-20 19-28-47,0.16,0,0.02,1,-55
22.40000000000005,0.0,12.5,0.0,12.6,0.0,True,True,False,False,False,0.0,0.0,0.0,0.0,0.0,0.0,0.0,2023-08-20 19-28-47,0.16,0,0.02,1,-55
22.50000000000005,0.0,12.6,0.0,12.7,0.0,True,True,False,False,False,0.0,0.0,0.0,0.0,0.0,0.0,0.0,2023-08-20 19-28-47,0.16,0,0.02,1,-55
22.60000000000005,0.0,12.4,0.0,12.6,0.0,True,True,False,False,False,0.0,0.0,0.0,0.0,0.0,0.0,0.0,2023-08-20 19-28-47,0.16,0,0.02,1,-55
22.700000000000053,0.0,12.6,0.0,12.6,0.0,True,True,False,False,False,0.0,0.0,0.0,0.0,0.0,0.0,0.0,2023-08-20 19-28-47,0.16,0,0.02,1,-55
22.800000000000054,0.0,12.6,0.0,12.7,0.0,True,True,False,False,False,0.0,0.0,0.0,0.0,0.0,0.0,0.0,2023-08-20 19-28-47,0.16,0,0.02,1,-55
22.900000000000055,0.0,12.9,0.0,13.2,0.0,True,True,False,False,False,0.0,0.0,0.0,0.0,0.0,0.0,0.0,2023-08-20 19-28-47,0.16,0,0.02,1,-55
23.000000000000057,0.0,12.3,0.0,12.5,0.0,True,True,False,False,False,0.0,0.0,0.0,0.0,0.0,0.0,0.0,2023-08-20 19-28-47,0.16,0,0.02,1,-55
23.10000000000006,0.0,13.1,0.0,13.3,0.0,True,True,False,False,False,0.0,0.0,0.0,0.0,0.0,0.0,0.0,2023-08-20 19-28-47,0.16,0,0.02,1,-55
23.20000000000006,0.0,13.0,0.0,13.2,0.0,True,True,False,False,False,0.0,0.0,0.0,0.0,0.0,0.0,0.0,2023-08-20 19-28-47,0.16,0,0.02,1,-55
23.30000000000006,0.0,13.1,0.0,13.2,0.0,True,True,False,False,False,0.0,0.0,0.0,0.0,0.0,0.0,0.0,2023-08-20 19-28-47,0.16,0,0.02,1,-55
23.400000000000063,0.0,13.2,0.0,13.5,0.0,True,True,False,False,False,0.0,0.0,0.0,0.0,0.0,0.0,0.0,2023-08-20 19-28-47,0.16,0,0.02,1,-55
23.500000000000064,0.0,12.6,0.0,12.8,0.0,True,True,False,False,False,0.0,0.0,0.0,0.0,0.0,0.0,0.0,2023-08-20 19-28-47,0.16,0,0.02,1,-55
23.600000000000065,0.0,12.5,0.0,12.6,0.0,True,True,False,False,False,0.0,0.0,0.0,0.0,0.0,0.0,0.0,2023-08-20 19-28-47,0.16,0,0.02,1,-55
23.700000000000067,0.0,12.7,0.0,12.8,0.0,True,True,False,False,False,0.0,0.0,0.0,0.0,0.0,0.0,0.0,2023-08-20 19-28-47,0.16,0,0.02,1,-55
23.800000000000068,0.0,12.3,0.0,12.7,0.0,True,True,False,False,False,0.0,0.0,0.0,0.0,0.0,0.0,0.0,2023-08-20 19-28-47,0.16,0,0.02,1,-55
23.90000000000007,0.0,12.7,0.0,12.9,0.0,True,True,False,False,False,0.0,0.0,0.0,0.0,0.0,0.0,0.0,2023-08-20 19-28-47,0.16,0,0.02,1,-55
24.00000000000007,0.0,12.9,0.0,13.1,0.0,True,True,False,False,False,0.0,0.0,0.0,0.0,0.0,0.0,0.0,2023-08-20 19-28-47,0.16,0,0.02,1,-55
24.100000000000072,0.0,12.7,0.0,12.8,0.0,True,True,False,False,False,0.0,0.0,0.0,0.0,0.0,0.0,0.0,2023-08-20 19-28-47,0.16,0,0.02,1,-55
24.200000000000074,0.0,13.0,0.0,13.3,0.0,True,True,False,False,False,0.0,0.0,0.0,0.0,0.0,0.0,0.0,2023-08-20 19-28-47,0.16,0,0.02,1,-55
24.300000000000075,0.0,12.7,0.0,13.0,0.0,True,True,False,False,False,0.0,0.0,0.0,0.0,0.0,0.0,0.0,2023-08-20 19-28-47,0.16,0,0.02,1,-55
24.400000000000077,0.0,12.8,0.0,12.9,0.0,True,True,False,False,False,0.0,0.0,0.0,0.0,0.0,0.0,0.0,2023-08-20 19-28-47,0.16,0,0.02,1,-55
24.500000000000078,0.0,12.9,0.0,13.1,0.0,True,True,False,False,False,0.0,0.0,0.0,0.0,0.0,0.0,0.0,2023-08-20 19-28-47,0.16,0,0.02,1,-55
24.60000000000008,0.0,12.6,0.0,12.7,0.0,True,True,False,False,False,0.0,0.0,0.0,0.0,0.0,0.0,0.0,2023-08-20 19-28-47,0.16,0,0.02,1,-55
24.70000000000008,0.0,12.7,0.0,12.8,0.0,True,True,False,False,False,0.0,0.0,0.0,0.0,0.0,0.0,0.0,2023-08-20 19-28-47,0.16,0,0.02,1,-55
24.800000000000082,0.0,12.9,0.0,13.0,0.0,True,True,False,False,False,0.0,0.0,0.0,0.0,0.0,0.0,0.0,2023-08-20 19-28-47,0.16,0,0.02,1,-55
24.900000000000084,0.0,12.8,0.0,13.0,0.0,True,True,False,False,False,0.0,0.0,0.0,0.0,0.0,0.0,0.0,2023-08-20 19-28-47,0.16,0,0.02,1,-55
25.000000000000085,0.0,12.4,0.0,12.5,0.0,True,True,False,False,False,0.0,0.0,0.0,0.0,0.0,0.0,0.0,2023-08-20 19-28-47,0.16,0,0.02,1,-55
25.100000000000087,0.0,12.9,0.0,13.0,0.0,True,True,False,False,False,0.0,0.0,0.0,0.0,0.0,0.0,0.0,2023-08-20 19-28-47,0.16,0,0.02,1,-55
25.200000000000088,0.0,12.4,0.0,12.4,0.0,True,True,False,False,False,0.0,0.0,0.0,0.0,0.0,0.0,0.0,2023-08-20 19-28-47,0.16,0,0.02,1,-55
25.30000000000009,0.0,12.6,0.0,12.7,0.0,True,True,False,False,False,0.0,0.0,0.0,0.0,0.0,0.0,0.0,2023-08-20 19-28-47,0.16,0,0.02,1,-55
25.40000000000009,0.0,13.0,0.0,13.1,0.0,True,True,False,False,False,0.0,0.0,0.0,0.0,0.0,0.0,0.0,2023-08-20 19-28-47,0.16,0,0.02,1,-55
25.500000000000092,0.0,13.1,0.0,13.3,0.0,True,True,False,False,False,0.0,0.0,0.0,0.0,0.0,0.0,0.0,2023-08-20 19-28-47,0.16,0,0.02,1,-55
25.600000000000094,0.0,12.3,0.0,12.5,0.0,True,True,False,False,False,0.0,0.0,0.0,0.0,0.0,0.0,0.0,2023-08-20 19-28-47,0.16,0,0.02,1,-55
25.700000000000095,0.0,12.5,0.0,12.6,0.0,True,True,False,False,False,0.0,0.0,0.0,0.0,0.0,0.0,0.0,2023-08-20 19-28-47,0.16,0,0.02,1,-55
25.800000000000097,0.0,12.4,0.0,12.5,0.0,True,True,False,False,False,0.0,0.0,0.0,0.0,0.0,0.0,0.0,2023-08-20 19-28-47,0.16,0,0.02,1,-55
25.900000000000098,0.0,12.3,0.0,12.3,0.0,True,True,False,False,False,0.0,0.0,0.0,0.0,0.0,0.0,0.0,2023-08-20 19-28-47,0.16,0,0.02,1,-55
26.0000000000001,0.0,12.5,0.0,12.6,0.0,True,True,False,False,False,0.0,0.0,0.0,0.0,0.0,0.0,0.0,2023-08-20 19-28-47,0.16,0,0.02,1,-55
26.1000000000001,0.0,12.8,0.0,13.0,0.0,True,True,False,False,False,0.0,0.0,0.0,0.0,0.0,0.0,0.0,2023-08-20 19-28-47,0.16,0,0.02,1,-55
26.200000000000102,0.0,12.5,0.0,12.7,0.0,True,True,False,False,False,0.0,0.0,0.0,0.0,0.0,0.0,0.0,2023-08-20 19-28-47,0.16,0,0.02,1,-55
26.300000000000104,0.0,12.5,0.0,12.7,0.0,True,True,False,False,False,0.0,0.0,0.0,0.0,0.0,0.0,0.0,2023-08-20 19-28-47,0.16,0,0.02,1,-55
26.400000000000105,0.0,12.7,0.0,12.8,0.0,True,True,False,False,False,0.0,0.0,0.0,0.0,0.0,0.0,0.0,2023-08-20 19-28-47,0.16,0,0.02,1,-55
26.500000000000107,0.0,13.2,0.0,13.5,0.0,True,True,False,False,False,0.0,0.0,0.0,0.0,0.0,0.0,0.0,2023-08-20 19-28-47,0.16,0,0.02,1,-55
26.600000000000108,0.0,13.0,0.0,13.4,0.0,True,True,False,False,False,0.0,0.0,0.0,0.0,0.0,0.0,0.0,2023-08-20 19-28-47,0.16,0,0.02,1,-55
26.70000000000011,0.0,12.5,0.0,12.6,0.0,True,True,False,False,False,0.0,0.0,0.0,0.0,0.0,0.0,0.0,2023-08-20 19-28-47,0.16,0,0.02,1,-55
26.80000000000011,0.0,12.9,0.0,13.0,0.0,True,True,False,False,False,0.0,0.0,0.0,0.0,0.0,0.0,0.0,2023-08-20 19-28-47,0.16,0,0.02,1,-55
26.900000000000112,0.0,13.0,0.0,13.2,0.0,True,True,False,False,False,0.0,0.0,0.0,0.0,0.0,0.0,0.0,2023-08-20 19-28-47,0.16,0,0.02,1,-55
27.000000000000114,0.0,12.5,0.0,12.6,0.0,True,True,False,False,False,0.0,0.0,0.0,0.0,0.0,0.0,0.0,2023-08-20 19-28-47,0.16,0,0.02,1,-55
27.100000000000115,0.0,12.5,0.0,12.7,0.0,True,True,False,False,False,0.0,0.0,0.0,0.0,0.0,0.0,0.0,2023-08-20 19-28-47,0.16,0,0.02,1,-55
27.200000000000117,0.0,13.1,0.0,13.3,0.0,True,True,False,False,False,0.0,0.0,0.0,0.0,0.0,0.0,0.0,2023-08-20 19-28-47,0.16,0,0.02,1,-55
27.300000000000118,0.0,12.8,0.0,12.9,0.0,True,True,False,False,False,0.0,0.0,0.0,0.0,0.0,0.0,0.0,2023-08-20 19-28-47,0.16,0,0.02,1,-55
27.40000000000012,0.0,12.6,0.0,12.7,0.0,True,True,False,False,False,0.0,0.0,0.0,0.0,0.0,0.0,0.0,2023-08-20 19-28-47,0.16,0,0.02,1,-55
27.50000000000012,0.0,12.5,0.0,12.5,0.0,True,True,False,False,False,0.0,0.0,0.0,0.0,0.0,0.0,0.0,2023-08-20 19-28-47,0.16,0,0.02,1,-55
27.600000000000122,0.0,12.9,0.0,13.1,0.0,True,True,False,False,False,0.0,0.0,0.0,0.0,0.0,0.0,0.0,2023-08-20 19-28-47,0.16,0,0.02,1,-55
27.700000000000124,0.0,12.1,0.0,12.2,0.0,True,True,False,False,False,0.0,0.0,0.0,0.0,0.0,0.0,0.0,2023-08-20 19-28-47,0.16,0,0.02,1,-55
27.800000000000125,0.0,12.9,0.0,13.1,0.0,True,True,False,False,False,0.0,0.0,0.0,0.0,0.0,0.0,0.0,2023-08-20 19-28-47,0.16,0,0.02,1,-55
27.900000000000126,0.0,12.5,0.0,12.7,0.0,True,True,False,False,False,0.0,0.0,0.0,0.0,0.0,0.0,0.0,2023-08-20 19-28-47,0.16,0,0.02,1,-55
28.000000000000128,0.0,12.5,0.0,12.7,0.0,True,True,False,False,False,0.0,0.0,0.0,0.0,0.0,0.0,0.0,2023-08-20 19-28-47,0.16,0,0.02,1,-55
28.10000000000013,0.0,12.0,0.0,12.2,0.0,True,True,False,False,False,0.0,0.0,0.0,0.0,0.0,0.0,0.0,2023-08-20 19-28-47,0.16,0,0.02,1,-55
28.20000000000013,0.0,13.1,0.0,13.3,0.0,True,True,False,False,False,0.0,0.0,0.0,0.0,0.0,0.0,0.0,2023-08-20 19-28-47,0.16,0,0.02,1,-55
28.300000000000132,0.0,13.0,0.0,13.2,0.0,True,True,False,False,False,0.0,0.0,0.0,0.0,0.0,0.0,0.0,2023-08-20 19-28-47,0.16,0,0.02,1,-55
28.400000000000134,0.0,12.5,0.0,12.6,0.0,True,True,False,False,False,0.0,0.0,0.0,0.0,0.0,0.0,0.0,2023-08-20 19-28-47,0.16,0,0.02,1,-55
28.500000000000135,0.0,12.3,0.0,12.3,0.0,True,True,False,False,False,0.0,0.0,0.0,0.0,0.0,0.0,0.0,2023-08-20 19-28-47,0.16,0,0.02,1,-55
28.600000000000136,0.0,12.8,0.0,13.0,0.0,True,True,False,False,False,0.0,0.0,0.0,0.0,0.0,0.0,0.0,2023-08-20 19-28-47,0.16,0,0.02,1,-55
28.700000000000138,0.0,12.5,0.0,12.7,0.0,True,True,False,False,False,0.0,0.0,0.0,0.0,0.0,0.0,0.0,2023-08-20 19-28-47,0.16,0,0.02,1,-55
28.80000000000014,0.0,12.5,0.0,12.6,0.0,True,True,False,False,False,0.0,0.0,0.0,0.0,0.0,0.0,0.0,2023-08-20 19-28-47,0.16,0,0.02,1,-55
28.90000000000014,0.0,12.9,0.0,13.1,0.0,True,True,False,False,False,0.0,0.0,0.0,0.0,0.0,0.0,0.0,2023-08-20 19-28-47,0.16,0,0.02,1,-55
29.000000000000142,0.0,13.1,0.0,13.3,0.0,True,True,False,False,False,0.0,0.0,0.0,0.0,0.0,0.0,0.0,2023-08-20 19-28-47,0.16,0,0.02,1,-55
29.100000000000144,0.0,12.7,0.0,12.8,0.0,True,True,False,False,False,0.0,0.0,0.0,0.0,0.0,0.0,0.0,2023-08-20 19-28-47,0.16,0,0.02,1,-55
29.200000000000145,0.0,12.2,0.0,12.4,0.0,True,True,False,False,False,0.0,0.0,0.0,0.0,0.0,0.0,0.0,2023-08-20 19-28-47,0.16,0,0.02,1,-55
29.300000000000146,0.0,12.6,0.0,12.8,0.0,True,True,False,False,False,0.0,0.0,0.0,0.0,0.0,0.0,0.0,2023-08-20 19-28-47,0.16,0,0.02,1,-55
29.400000000000148,0.0,12.7,0.0,12.9,0.0,True,True,False,False,False,0.0,0.0,0.0,0.0,0.0,0.0,0.0,2023-08-20 19-28-47,0.16,0,0.02,1,-55
29.50000000000015,0.0,12.7,0.0,12.8,0.0,True,True,False,False,False,0.0,0.0,0.0,0.0,0.0,0.0,0.0,2023-08-20 19-28-47,0.16,0,0.02,1,-55
29.60000000000015,0.0,12.3,0.0,12.5,0.0,True,True,False,False,False,0.0,0.0,0.0,0.0,0.0,0.0,0.0,2023-08-20 19-28-47,0.16,0,0.02,1,-55
29.700000000000152,0.0,12.7,0.0,12.9,0.0,True,True,False,False,False,0.0,0.0,0.0,0.0,0.0,0.0,0.0,2023-08-20 19-28-47,0.16,0,0.02,1,-55
29.800000000000153,0.0,12.4,0.0,12.5,0.0,True,True,False,False,False,0.0,0.0,0.0,0.0,0.0,0.0,0.0,2023-08-20 19-28-47,0.16,0,0.02,1,-55
29.900000000000155,0.0,12.4,0.0,12.5,0.0,True,True,False,False,False,0.0,0.0,0.0,0.0,0.0,0.0,0.0,2023-08-20 19-28-47,0.16,0,0.02,1,-55
30.000000000000156,0.0,12.8,0.0,13.0,0.0,True,True,False,False,False,0.0,0.0,0.0,0.0,0.0,0.0,0.0,2023-08-20 19-28-47,0.16,0,0.02,1,-55
30.100000000000158,0.0,12.8,0.0,13.0,0.0,True,True,False,False,False,0.0,0.0,0.0,0.0,0.0,0.0,0.0,2023-08-20 19-28-47,0.16,0,0.02,1,-55
30.20000000000016,0.0,12.3,0.0,12.5,0.0,True,True,False,False,False,0.0,0.0,0.0,0.0,0.0,0.0,0.0,2023-08-20 19-28-47,0.16,0,0.02,1,-55
30.30000000000016,0.0,12.8,0.0,13.1,0.0,True,True,False,False,False,0.0,0.0,0.0,0.0,0.0,0.0,0.0,2023-08-20 19-28-47,0.16,0,0.02,1,-55
30.400000000000162,0.0,12.0,0.0,12.2,0.0,True,True,False,False,False,0.0,0.0,0.0,0.0,0.0,0.0,0.0,2023-08-20 19-28-47,0.16,0,0.02,1,-55
30.500000000000163,0.0,12.6,0.0,12.6,0.0,True,True,False,False,False,0.0,0.0,0.0,0.0,0.0,0.0,0.0,2023-08-20 19-28-47,0.16,0,0.02,1,-55
30.600000000000165,0.0,12.4,0.0,12.5,0.0,True,True,False,False,False,0.0,0.0,0.0,0.0,0.0,0.0,0.0,2023-08-20 19-28-47,0.16,0,0.02,1,-55
30.700000000000166,0.0,12.7,0.0,12.8,0.0,True,True,False,False,False,0.0,0.0,0.0,0.0,0.0,0.0,0.0,2023-08-20 19-28-47,0.16,0,0.02,1,-55
30.800000000000168,0.0,12.3,0.0,12.4,0.0,True,True,False,False,False,0.0,0.0,0.0,0.0,0.0,0.0,0.0,2023-08-20 19-28-47,0.16,0,0.02,1,-55
30.90000000000017,0.0,12.6,0.0,12.8,0.0,True,True,False,False,False,0.0,0.0,0.0,0.0,0.0,0.0,0.0,2023-08-20 19-28-47,0.16,0,0.02,1,-55
31.00000000000017,0.0,13.0,0.0,13.3,0.0,True,True,False,False,False,0.0,0.0,0.0,0.0,0.0,0.0,0.0,2023-08-20 19-28-47,0.16,0,0.02,1,-55
31.100000000000172,0.0,12.1,0.0,12.4,0.0,True,True,False,False,False,0.0,0.0,0.0,0.0,0.0,0.0,0.0,2023-08-20 19-28-47,0.16,0,0.02,1,-55
31.200000000000173,0.0,12.7,0.0,12.9,0.0,True,True,False,False,False,0.0,0.0,0.0,0.0,0.0,0.0,0.0,2023-08-20 19-28-47,0.16,0,0.02,1,-55
31.300000000000175,0.0,12.8,0.0,12.9,0.0,True,True,False,False,False,0.0,0.0,0.0,0.0,0.0,0.0,0.0,2023-08-20 19-28-47,0.16,0,0.02,1,-55
31.400000000000176,0.0,13.1,0.0,13.2,0.0,True,True,False,False,False,0.0,0.0,0.0,0.0,0.0,0.0,0.0,2023-08-20 19-28-47,0.16,0,0.02,1,-55
31.500000000000178,0.0,12.4,0.0,12.6,0.0,True,True,False,False,False,0.0,0.0,0.0,0.0,0.0,0.0,0.0,2023-08-20 19-28-47,0.16,0,0.02,1,-55
31.60000000000018,0.0,12.1,0.0,12.3,0.0,True,True,False,False,False,0.0,0.0,0.0,0.0,0.0,0.0,0.0,2023-08-20 19-28-47,0.16,0,0.02,1,-55
31.70000000000018,0.0,12.8,0.0,13.0,0.0,True,True,False,False,False,0.0,0.0,0.0,0.0,0.0,0.0,0.0,2023-08-20 19-28-47,0.16,0,0.02,1,-55
31.800000000000182,0.0,11.8,0.0,12.0,0.0,True,True,False,False,False,0.0,0.0,0.0,0.0,0.0,0.0,0.0,2023-08-20 19-28-47,0.16,0,0.02,1,-55
31.900000000000183,0.0,12.0,0.0,12.2,0.0,True,True,False,False,False,0.0,0.0,0.0,0.0,0.0,0.0,0.0,2023-08-20 19-28-47,0.16,0,0.02,1,-55
32.000000000000185,0.0,12.3,0.0,12.4,0.0,True,True,False,False,False,0.0,0.0,0.0,0.0,0.0,0.0,0.0,2023-08-20 19-28-47,0.16,0,0.02,1,-55
32.100000000000186,0.0,12.5,0.0,12.6,0.0,True,True,False,False,False,0.0,0.0,0.0,0.0,0.0,0.0,0.0,2023-08-20 19-28-47,0.16,0,0.02,1,-55
32.20000000000019,0.0,12.7,0.0,12.8,0.0,True,True,False,False,False,0.0,0.0,0.0,0.0,0.0,0.0,0.0,2023-08-20 19-28-47,0.16,0,0.02,1,-55
32.30000000000019,0.0,12.6,0.0,12.7,0.0,True,True,False,False,False,0.0,0.0,0.0,0.0,0.0,0.0,0.0,2023-08-20 19-28-47,0.16,0,0.02,1,-55
32.40000000000019,0.0,12.3,0.0,12.4,0.0,True,True,False,False,False,0.0,0.0,0.0,0.0,0.0,0.0,0.0,2023-08-20 19-28-47,0.16,0,0.02,1,-55
32.50000000000019,0.0,12.7,0.0,12.8,0.0,True,True,False,False,False,0.0,0.0,0.0,0.0,0.0,0.0,0.0,2023-08-20 19-28-47,0.16,0,0.02,1,-55
32.60000000000019,0.0,12.3,0.0,12.5,0.0,True,True,False,False,False,0.0,0.0,0.0,0.0,0.0,0.0,0.0,2023-08-20 19-28-47,0.16,0,0.02,1,-55
32.700000000000195,0.0,12.8,0.0,13.0,0.0,True,True,False,False,False,0.0,0.0,0.0,0.0,0.0,0.0,0.0,2023-08-20 19-28-47,0.16,0,0.02,1,-55
32.800000000000196,0.0,12.5,0.0,12.6,0.0,True,True,False,False,False,0.0,0.0,0.0,0.0,0.0,0.0,0.0,2023-08-20 19-28-47,0.16,0,0.02,1,-55
32.9000000000002,0.0,12.4,0.0,12.6,0.0,True,True,False,False,False,0.0,0.0,0.0,0.0,0.0,0.0,0.0,2023-08-20 19-28-47,0.16,0,0.02,1,-55
33.0000000000002,0.0,12.8,0.0,13.0,0.0,True,True,False,False,False,0.0,0.0,0.0,0.0,0.0,0.0,0.0,2023-08-20 19-28-47,0.16,0,0.02,1,-55
33.1000000000002,0.0,12.5,0.0,12.7,0.0,True,True,False,False,False,0.0,0.0,0.0,0.0,0.0,0.0,0.0,2023-08-20 19-28-47,0.16,0,0.02,1,-55
33.2000000000002,0.0,12.6,0.0,12.8,0.0,True,True,False,False,False,0.0,0.0,0.0,0.0,0.0,0.0,0.0,2023-08-20 19-28-47,0.16,0,0.02,1,-55
33.3000000000002,0.0,12.7,0.0,12.9,0.0,True,True,False,False,False,0.0,0.0,0.0,0.0,0.0,0.0,0.0,2023-08-20 19-28-47,0.16,0,0.02,1,-55
33.400000000000205,0.0,12.6,0.0,12.8,0.0,True,True,False,False,False,0.0,0.0,0.0,0.0,0.0,0.0,0.0,2023-08-20 19-28-47,0.16,0,0.02,1,-55
33.500000000000206,0.0,12.8,0.0,12.9,0.0,True,True,False,False,False,0.0,0.0,0.0,0.0,0.0,0.0,0.0,2023-08-20 19-28-47,0.16,0,0.02,1,-55
33.60000000000021,0.0,12.5,0.0,12.7,0.0,True,True,False,False,False,0.0,0.0,0.0,0.0,0.0,0.0,0.0,2023-08-20 19-28-47,0.16,0,0.02,1,-55
33.70000000000021,0.0,12.9,0.0,13.1,0.0,True,True,False,False,False,0.0,0.0,0.0,0.0,0.0,0.0,0.0,2023-08-20 19-28-47,0.16,0,0.02,1,-55
33.80000000000021,0.0,12.7,0.0,12.9,0.0,True,True,False,False,False,0.0,0.0,0.0,0.0,0.0,0.0,0.0,2023-08-20 19-28-47,0.16,0,0.02,1,-55
33.90000000000021,0.0,12.5,0.0,12.8,0.0,True,True,False,False,False,0.0,0.0,0.0,0.0,0.0,0.0,0.0,2023-08-20 19-28-47,0.16,0,0.02,1,-55
34.00000000000021,0.0,12.7,0.0,12.8,0.0,True,True,False,False,False,0.0,0.0,0.0,0.0,0.0,0.0,0.0,2023-08-20 19-28-47,0.16,0,0.02,1,-55
34.100000000000215,0.0,12.8,0.0,13.0,0.0,True,True,False,False,False,0.0,0.0,0.0,0.0,0.0,0.0,0.0,2023-08-20 19-28-47,0.16,0,0.02,1,-55
34.200000000000216,0.0,12.8,0.0,12.9,0.0,True,True,False,False,False,0.0,0.0,0.0,0.0,0.0,0.0,0.0,2023-08-20 19-28-47,0.16,0,0.02,1,-55
34.30000000000022,0.0,12.7,0.0,12.9,0.0,True,True,False,False,False,0.0,0.0,0.0,0.0,0.0,0.0,0.0,2023-08-20 19-28-47,0.16,0,0.02,1,-55
34.40000000000022,0.0,12.5,0.0,12.8,0.0,True,True,False,False,False,0.0,0.0,0.0,0.0,0.0,0.0,0.0,2023-08-20 19-28-47,0.16,0,0.02,1,-55
34.50000000000022,0.0,12.6,0.0,12.6,0.0,True,True,False,False,False,0.0,0.0,0.0,0.0,0.0,0.0,0.0,2023-08-20 19-28-47,0.16,0,0.02,1,-55
34.60000000000022,0.0,12.4,0.0,12.6,0.0,True,True,False,False,False,0.0,0.0,0.0,0.0,0.0,0.0,0.0,2023-08-20 19-28-47,0.16,0,0.02,1,-55
34.70000000000022,0.0,12.5,0.0,12.8,0.0,True,True,False,False,False,0.0,0.0,0.0,0.0,0.0,0.0,0.0,2023-08-20 19-28-47,0.16,0,0.02,1,-55
34.800000000000225,0.0,12.5,0.0,12.7,0.0,True,True,False,False,False,0.0,0.0,0.0,0.0,0.0,0.0,0.0,2023-08-20 19-28-47,0.16,0,0.02,1,-55
34.900000000000226,0.0,12.6,0.0,12.8,0.0,True,True,False,False,False,0.0,0.0,0.0,0.0,0.0,0.0,0.0,2023-08-20 19-28-47,0.16,0,0.02,1,-55
35.00000000000023,0.0,12.7,0.0,12.8,0.0,True,True,False,False,False,0.0,0.0,0.0,0.0,0.0,0.0,0.0,2023-08-20 19-28-47,0.16,0,0.02,1,-55
35.10000000000023,0.0,12.4,0.0,12.6,0.0,True,True,False,False,False,0.0,0.0,0.0,0.0,0.0,0.0,0.0,2023-08-20 19-28-47,0.16,0,0.02,1,-55
35.20000000000023,0.0,12.3,0.0,12.5,0.0,True,True,False,False,False,0.0,0.0,0.0,0.0,0.0,0.0,0.0,2023-08-20 19-28-47,0.16,0,0.02,1,-55
35.30000000000023,0.0,12.5,0.0,12.7,0.0,True,True,False,False,False,0.0,0.0,0.0,0.0,0.0,0.0,0.0,2023-08-20 19-28-47,0.16,0,0.02,1,-55
35.40000000000023,0.0,12.7,0.0,13.0,0.0,True,True,False,False,False,0.0,0.0,0.0,0.0,0.0,0.0,0.0,2023-08-20 19-28-47,0.16,0,0.02,1,-55
35.500000000000234,0.0,12.6,0.0,12.8,0.0,True,True,False,False,False,0.0,0.0,0.0,0.0,0.0,0.0,0.0,2023-08-20 19-28-47,0.16,0,0.02,1,-55
35.600000000000236,0.0,12.4,0.0,12.5,0.0,True,True,False,False,False,0.0,0.0,0.0,0.0,0.0,0.0,0.0,2023-08-20 19-28-47,0.16,0,0.02,1,-55
35.70000000000024,0.0,12.4,0.0,12.6,0.0,True,True,False,False,False,0.0,0.0,0.0,0.0,0.0,0.0,0.0,2023-08-20 19-28-47,0.16,0,0.02,1,-55
35.80000000000024,0.0,12.3,0.0,12.5,0.0,True,True,False,False,False,0.0,0.0,0.0,0.0,0.0,0.0,0.0,2023-08-20 19-28-47,0.16,0,0.02,1,-55
35.90000000000024,0.0,12.3,0.0,12.6,0.0,True,True,False,False,False,0.0,0.0,0.0,0.0,0.0,0.0,0.0,2023-08-20 19-28-47,0.16,0,0.02,1,-55
36.00000000000024,0.0,12.4,0.0,12.6,0.0,True,True,False,False,False,0.0,0.0,0.0,0.0,0.0,0.0,0.0,2023-08-20 19-28-47,0.16,0,0.02,1,-55
36.10000000000024,0.0,12.7,0.0,12.8,0.0,True,True,False,False,False,0.0,0.0,0.0,0.0,0.0,0.0,0.0,2023-08-20 19-28-47,0.16,0,0.02,1,-55
36.200000000000244,0.0,12.7,0.0,12.8,0.0,True,True,False,False,False,0.0,0.0,0.0,0.0,0.0,0.0,0.0,2023-08-20 19-28-47,0.16,0,0.02,1,-55
36.300000000000246,0.0,12.5,0.0,12.7,0.0,True,True,False,False,False,0.0,0.0,0.0,0.0,0.0,0.0,0.0,2023-08-20 19-28-47,0.16,0,0.02,1,-55
36.40000000000025,0.0,12.6,0.0,12.9,0.0,True,True,False,False,False,0.0,0.0,0.0,0.0,0.0,0.0,0.0,2023-08-20 19-28-47,0.16,0,0.02,1,-55
36.50000000000025,0.0,12.6,0.0,12.8,0.0,True,True,False,False,False,0.0,0.0,0.0,0.0,0.0,0.0,0.0,2023-08-20 19-28-47,0.16,0,0.02,1,-55
36.60000000000025,0.0,12.6,0.0,12.8,0.0,True,True,False,False,False,0.0,0.0,0.0,0.0,0.0,0.0,0.0,2023-08-20 19-28-47,0.16,0,0.02,1,-55
36.70000000000025,0.0,12.6,0.0,12.8,0.0,True,True,False,False,False,0.0,0.0,0.0,0.0,0.0,0.0,0.0,2023-08-20 19-28-47,0.16,0,0.02,1,-55
36.80000000000025,0.0,12.6,0.0,12.8,0.0,True,True,False,False,False,0.0,0.0,0.0,0.0,0.0,0.0,0.0,2023-08-20 19-28-47,0.16,0,0.02,1,-55
36.900000000000254,0.0,12.5,0.0,12.8,0.0,True,True,False,False,False,0.0,0.0,0.0,0.0,0.0,0.0,0.0,2023-08-20 19-28-47,0.16,0,0.02,1,-55
37.000000000000256,0.0,12.6,0.0,12.8,0.0,True,True,False,False,False,0.0,0.0,0.0,0.0,0.0,0.0,0.0,2023-08-20 19-28-47,0.16,0,0.02,1,-55
37.10000000000026,0.0,12.5,0.0,12.8,0.0,True,True,False,False,False,0.0,0.0,0.0,0.0,0.0,0.0,0.0,2023-08-20 19-28-47,0.16,0,0.02,1,-55
37.20000000000026,0.0,12.8,0.0,12.9,0.0,True,True,False,False,False,0.0,0.0,0.0,0.0,0.0,0.0,0.0,2023-08-20 19-28-47,0.16,0,0.02,1,-55
37.30000000000026,0.0,12.6,0.0,12.8,0.0,True,True,False,False,False,0.0,0.0,0.0,0.0,0.0,0.0,0.0,2023-08-20 19-28-47,0.16,0,0.02,1,-55
37.40000000000026,0.0,12.4,0.0,12.6,0.0,True,True,False,False,False,0.0,0.0,0.0,0.0,0.0,0.0,0.0,2023-08-20 19-28-47,0.16,0,0.02,1,-55
37.50000000000026,0.0,12.7,0.0,13.0,0.0,True,True,False,False,False,0.0,0.0,0.0,0.0,0.0,0.0,0.0,2023-08-20 19-28-47,0.16,0,0.02,1,-55
37.600000000000264,0.0,12.7,0.0,12.9,0.0,True,True,False,False,False,0.0,0.0,0.0,0.0,0.0,0.0,0.0,2023-08-20 19-28-47,0.16,0,0.02,1,-55
37.700000000000266,0.0,12.8,0.0,13.0,0.0,True,True,False,False,False,0.0,0.0,0.0,0.0,0.0,0.0,0.0,2023-08-20 19-28-47,0.16,0,0.02,1,-55
37.80000000000027,0.0,12.6,0.0,12.7,0.0,True,True,False,False,False,0.0,0.0,0.0,0.0,0.0,0.0,0.0,2023-08-20 19-28-47,0.16,0,0.02,1,-55
37.90000000000027,0.0,12.7,0.0,12.8,0.0,True,True,False,False,False,0.0,0.0,0.0,0.0,0.0,0.0,0.0,2023-08-20 19-28-47,0.16,0,0.02,1,-55
38.00000000000027,0.0,12.2,0.0,12.4,0.0,True,True,False,False,False,0.0,0.0,0.0,0.0,0.0,0.0,0.0,2023-08-20 19-28-47,0.16,0,0.02,1,-55
38.10000000000027,0.0,12.6,0.0,12.8,0.0,True,True,False,False,False,0.0,0.0,0.0,0.0,0.0,0.0,0.0,2023-08-20 19-28-47,0.16,0,0.02,1,-55
38.20000000000027,0.0,12.6,0.0,12.7,0.0,True,True,False,False,False,0.0,0.0,0.0,0.0,0.0,0.0,0.0,2023-08-20 19-28-47,0.16,0,0.02,1,-55
38.300000000000274,0.0,12.8,0.0,13.0,0.0,True,True,False,False,False,0.0,0.0,0.0,0.0,0.0,0.0,0.0,2023-08-20 19-28-47,0.16,0,0.02,1,-55
38.400000000000276,0.0,12.4,0.0,12.7,0.0,True,True,False,False,False,0.0,0.0,0.0,0.0,0.0,0.0,0.0,2023-08-20 19-28-47,0.16,0,0.02,1,-55
38.50000000000028,0.0,13.3,0.0,13.6,0.0,True,True,False,False,False,0.0,0.0,0.0,0.0,0.0,0.0,0.0,2023-08-20 19-28-47,0.16,0,0.02,1,-55
38.60000000000028,0.0,12.6,0.0,12.8,0.0,True,True,False,False,False,0.0,0.0,0.0,0.0,0.0,0.0,0.0,2023-08-20 19-28-47,0.16,0,0.02,1,-55
38.70000000000028,0.0,12.8,0.0,13.0,0.0,True,True,False,False,False,0.0,0.0,0.0,0.0,0.0,0.0,0.0,2023-08-20 19-28-47,0.16,0,0.02,1,-55
38.80000000000028,0.0,12.7,0.0,12.8,0.0,True,True,False,False,False,0.0,0.0,0.0,0.0,0.0,0.0,0.0,2023-08-20 19-28-47,0.16,0,0.02,1,-55
38.90000000000028,0.0,12.7,0.0,12.9,0.0,True,True,False,False,False,0.0,0.0,0.0,0.0,0.0,0.0,0.0,2023-08-20 19-28-47,0.16,0,0.02,1,-55
39.000000000000284,0.0,12.3,0.0,12.5,0.0,True,True,False,False,False,0.0,0.0,0.0,0.0,0.0,0.0,0.0,2023-08-20 19-28-47,0.16,0,0.02,1,-55
39.100000000000286,0.0,12.5,0.0,12.6,0.0,True,True,False,False,False,0.0,0.0,0.0,0.0,0.0,0.0,0.0,2023-08-20 19-28-47,0.16,0,0.02,1,-55
39.20000000000029,0.0,12.3,0.0,12.5,0.0,True,True,False,False,False,0.0,0.0,0.0,0.0,0.0,0.0,0.0,2023-08-20 19-28-47,0.16,0,0.02,1,-55
39.30000000000029,0.0,12.4,0.0,12.6,0.0,True,True,False,False,False,0.0,0.0,0.0,0.0,0.0,0.0,0.0,2023-08-20 19-28-47,0.16,0,0.02,1,-55
39.40000000000029,0.0,12.6,0.0,12.8,0.0,True,True,False,False,False,0.0,0.0,0.0,0.0,0.0,0.0,0.0,2023-08-20 19-28-47,0.16,0,0.02,1,-55
39.50000000000029,0.0,12.4,0.0,12.8,0.0,True,True,False,False,False,0.0,0.0,0.0,0.0,0.0,0.0,0.0,2023-08-20 19-28-47,0.16,0,0.02,1,-55
39.60000000000029,0.0,12.8,0.0,13.0,0.0,True,True,False,False,False,0.0,0.0,0.0,0.0,0.0,0.0,0.0,2023-08-20 19-28-47,0.16,0,0.02,1,-55
39.700000000000294,0.0,12.5,0.0,12.7,0.0,True,True,False,False,False,0.0,0.0,0.0,0.0,0.0,0.0,0.0,2023-08-20 19-28-47,0.16,0,0.02,1,-55
39.800000000000296,0.0,12.3,0.0,12.4,0.0,True,True,False,False,False,0.0,0.0,0.0,0.0,0.0,0.0,0.0,2023-08-20 19-28-47,0.16,0,0.02,1,-55
39.9000000000003,0.0,12.7,0.0,12.9,0.0,True,True,False,False,False,0.0,0.0,0.0,0.0,0.0,0.0,0.0,2023-08-20 19-28-47,0.16,0,0.02,1,-55
40.0000000000003,0.0,12.2,0.0,12.3,0.0,True,True,False,False,False,0.0,0.0,0.0,0.0,0.0,0.0,0.0,2023-08-20 19-28-47,0.16,0,0.02,1,-55
40.1000000000003,0.0,12.3,0.0,12.5,0.0,True,True,False,False,False,0.0,0.0,0.0,0.0,0.0,0.0,0.0,2023-08-20 19-28-47,0.16,0,0.02,1,-55
40.2000000000003,0.0,12.8,0.0,13.0,0.0,True,True,False,False,False,0.0,0.0,0.0,0.0,0.0,0.0,0.0,2023-08-20 19-28-47,0.16,0,0.02,1,-55
40.3000000000003,0.0,12.9,0.0,13.0,0.0,True,True,False,False,False,0.0,0.0,0.0,0.0,0.0,0.0,0.0,2023-08-20 19-28-47,0.16,0,0.02,1,-55
40.400000000000304,0.0,12.4,0.0,12.6,0.0,True,True,False,False,False,0.0,0.0,0.0,0.0,0.0,0.0,0.0,2023-08-20 19-28-47,0.16,0,0.02,1,-55
40.500000000000306,0.0,12.3,0.0,12.4,0.0,True,True,False,False,False,0.0,0.0,0.0,0.0,0.0,0.0,0.0,2023-08-20 19-28-47,0.16,0,0.02,1,-55
40.60000000000031,0.0,12.2,0.0,12.4,0.0,True,True,False,False,False,0.0,0.0,0.0,0.0,0.0,0.0,0.0,2023-08-20 19-28-47,0.16,0,0.02,1,-55
40.70000000000031,0.0,12.4,0.0,12.7,0.0,True,True,False,False,False,0.0,0.0,0.0,0.0,0.0,0.0,0.0,2023-08-20 19-28-47,0.16,0,0.02,1,-55
40.80000000000031,0.0,12.7,0.0,12.8,0.0,True,True,False,False,False,0.0,0.0,0.0,0.0,0.0,0.0,0.0,2023-08-20 19-28-47,0.16,0,0.02,1,-55
40.90000000000031,0.0,12.6,0.0,12.7,0.0,True,True,False,False,False,0.0,0.0,0.0,0.0,0.0,0.0,0.0,2023-08-20 19-28-47,0.16,0,0.02,1,-55
41.00000000000031,0.0,12.1,0.0,12.3,0.0,True,True,False,False,False,0.0,0.0,0.0,0.0,0.0,0.0,0.0,2023-08-20 19-28-47,0.16,0,0.02,1,-55
41.100000000000314,0.0,12.4,0.0,12.5,0.0,True,True,False,False,False,0.0,0.0,0.0,0.0,0.0,0.0,0.0,2023-08-20 19-28-47,0.16,0,0.02,1,-55
41.200000000000315,0.0,12.8,0.0,12.9,0.0,True,True,False,False,False,0.0,0.0,0.0,0.0,0.0,0.0,0.0,2023-08-20 19-28-47,0.16,0,0.02,1,-55
41.30000000000032,0.0,12.4,0.0,12.6,0.0,True,True,False,False,False,0.0,0.0,0.0,0.0,0.0,0.0,0.0,2023-08-20 19-28-47,0.16,0,0.02,1,-55
41.40000000000032,0.0,12.5,0.0,12.7,0.0,True,True,False,False,False,0.0,0.0,0.0,0.0,0.0,0.0,0.0,2023-08-20 19-28-47,0.16,0,0.02,1,-55
41.50000000000032,0.0,12.7,0.0,12.8,0.0,True,True,False,False,False,0.0,0.0,0.0,0.0,0.0,0.0,0.0,2023-08-20 19-28-47,0.16,0,0.02,1,-55
41.60000000000032,0.0,12.7,0.0,12.9,0.0,True,True,False,False,False,0.0,0.0,0.0,0.0,0.0,0.0,0.0,2023-08-20 19-28-47,0.16,0,0.02,1,-55
41.70000000000032,0.0,12.8,0.0,13.0,0.0,True,True,False,False,False,0.0,0.0,0.0,0.0,0.0,0.0,0.0,2023-08-20 19-28-47,0.16,0,0.02,1,-55
41.800000000000324,0.0,12.4,0.0,12.5,0.0,True,True,False,False,False,0.0,0.0,0.0,0.0,0.0,0.0,0.0,2023-08-20 19-28-47,0.16,0,0.02,1,-55
41.900000000000325,0.0,12.4,0.0,12.5,0.0,True,True,False,False,False,0.0,0.0,0.0,0.0,0.0,0.0,0.0,2023-08-20 19-28-47,0.16,0,0.02,1,-55
42.00000000000033,0.0,12.1,0.0,12.2,0.0,True,True,False,False,False,0.0,0.0,0.0,0.0,0.0,0.0,0.0,2023-08-20 19-28-47,0.16,0,0.02,1,-55
42.10000000000033,0.0,12.8,0.0,12.9,0.0,True,True,False,False,False,0.0,0.0,0.0,0.0,0.0,0.0,0.0,2023-08-20 19-28-47,0.16,0,0.02,1,-55
42.20000000000033,0.0,12.4,0.0,12.5,0.0,True,True,False,False,False,0.0,0.0,0.0,0.0,0.0,0.0,0.0,2023-08-20 19-28-47,0.16,0,0.02,1,-55
42.30000000000033,0.0,12.7,0.0,12.8,0.0,True,True,False,False,False,0.0,0.0,0.0,0.0,0.0,0.0,0.0,2023-08-20 19-28-47,0.16,0,0.02,1,-55
42.40000000000033,0.0,13.3,0.0,13.8,0.0,True,True,False,False,False,0.0,0.0,0.0,0.0,0.0,0.0,0.0,2023-08-20 19-28-47,0.16,0,0.02,1,-55
42.500000000000334,0.0,12.7,0.0,12.9,0.0,True,True,False,False,False,0.0,0.0,0.0,0.0,0.0,0.0,0.0,2023-08-20 19-28-47,0.16,0,0.02,1,-55
42.600000000000335,0.0,12.0,0.0,12.2,0.0,True,True,False,False,False,0.0,0.0,0.0,0.0,0.0,0.0,0.0,2023-08-20 19-28-47,0.16,0,0.02,1,-55
42.70000000000034,0.0,12.3,0.0,12.4,0.0,True,True,False,False,False,0.0,0.0,0.0,0.0,0.0,0.0,0.0,2023-08-20 19-28-47,0.16,0,0.02,1,-55
42.80000000000034,0.0,12.3,0.0,12.5,0.0,True,True,False,False,False,0.0,0.0,0.0,0.0,0.0,0.0,0.0,2023-08-20 19-28-47,0.16,0,0.02,1,-55
42.90000000000034,0.0,12.1,0.0,12.3,0.0,True,True,False,False,False,0.0,0.0,0.0,0.0,0.0,0.0,0.0,2023-08-20 19-28-47,0.16,0,0.02,1,-55
43.00000000000034,0.0,12.3,0.0,12.5,0.0,True,True,False,False,False,0.0,0.0,0.0,0.0,0.0,0.0,0.0,2023-08-20 19-28-47,0.16,0,0.02,1,-55
43.10000000000034,0.0,12.0,0.0,12.2,0.0,True,True,False,False,False,0.0,0.0,0.0,0.0,0.0,0.0,0.0,2023-08-20 19-28-47,0.16,0,0.02,1,-55
43.200000000000344,0.0,12.8,0.0,12.9,0.0,True,True,False,False,False,0.0,0.0,0.0,0.0,0.0,0.0,0.0,2023-08-20 19-28-47,0.16,0,0.02,1,-55
43.300000000000345,0.0,12.1,0.0,12.3,0.0,True,True,False,False,False,0.0,0.0,0.0,0.0,0.0,0.0,0.0,2023-08-20 19-28-47,0.16,0,0.02,1,-55
43.40000000000035,0.0,12.8,0.0,12.9,0.0,True,True,False,False,False,0.0,0.0,0.0,0.0,0.0,0.0,0.0,2023-08-20 19-28-47,0.16,0,0.02,1,-55
